{"cameraMode":{"drawMode":0,"name":"Shaded","section":"Shading Mode"},"sceneLighting":true,"audioPlay":false,"sceneViewState":{"m_AlwaysRefresh":false,"showFog":true,"showSkybox":true,"showFlares":true,"showImageEffects":true,"showParticleSystems":true,"showVisualEffectGraphs":true,"m_FxEnabled":true},"in2DMode":false,"pivot":{"x":-10.143311500549317,"y":3.0856573581695558,"z":3.9593069553375246},"rotation":{"x":-0.04853534698486328,"y":-0.9502946138381958,"z":0.24043448269367219,"w":-0.19185379147529603},"size":4.523035526275635,"orthographic":false}